exploit	SCOPE	build	check-leaf	leanchecker	comparator	safeverify	paranoia
01-sorry	P	P	R	P	R	R	R
02-admit	P	P	R	P	R	R	R
03-declared-axiom	P	P	R	P	R	R	R
04-native-decide	P	P	R	P	R	R	R
05-implemented-by-native	P	P	R	P	R	R	R
06-skip-kernel-tc	P	P	P	R	R	R	R
07-metaprogram-adddecl	P	P	P	R	R	R	R
08-opaque-sorry	P	P	R	P	R	R	R
09-debug-byassorry	P	P	R	P	R	R	R
10-sorried-helper	P	P	R	P	R	R	R
11-unsafe-def	P	P	P	P	P	R	P
12-macro-gate-hijack	P	P	R	P	R	R	P
13-shadow-namespace	P	R	n/a(no build)	n/a(no build)	n/a(no build)	n/a(no build)	n/a(no build)
14-shadow-notation-instance	P	P	P	P	P	P	R
15-compile-time-io	P	P	P	P	P	P	P
16-edit-challenge	R	P	P	P	P	P	P
17-edit-lakefile	R	P	P	P	P	P	P
18-edit-lean-toolchain	R	n/a(would fetch)	n/a(would fetch)	n/a(would fetch)	n/a(would fetch)	n/a(would fetch)	n/a(would fetch)
19-edit-lake-manifest	R	n/a(would fetch)	n/a(would fetch)	n/a(would fetch)	n/a(would fetch)	n/a(would fetch)	n/a(would fetch)
20-dummy-structure	R	P	P	P	P	P	P
21-vacuous	R	P	P	P	P	P	P
